insert into companies (id, name) values ('de9b2575-8bea-4bd3-a8fd-1ec20d90830f', 'Shuffledrive');
insert into companies (id, name) values ('afdbcd15-79de-4a39-b20d-0def32d844ee', 'Camido');
insert into companies (id, name) values ('cbdf1839-43f9-49fb-9d60-9384bc0bcb80', 'Twitterwire');
insert into companies (id, name) values ('2d323df4-d9de-46cb-91ac-c7a1015dd164', 'Zoovu');
insert into companies (id, name) values ('cb0dd13e-5188-409f-bab7-f84eee6b5510', 'Nlounge');
insert into companies (id, name) values ('4d25cfaf-6ecb-41f0-a41b-a2bd17147106', 'Bluejam');
insert into companies (id, name) values ('eda83bfe-6089-47e7-9b41-22abf4ae04cc', 'Eadel');
insert into companies (id, name) values ('a30e36f8-ad9e-4f13-85f2-75324bc09f4f', 'Yodel');
insert into companies (id, name) values ('2a06e822-bc2f-4db1-87cd-e69dec6a3bd9', 'Yamia');
insert into companies (id, name) values ('ce4cc17f-9ab9-40ae-8b3c-ee49e1af343d', 'Kwinu');
insert into companies (id, name) values ('ede67fc5-3dab-4786-9e06-e8f1b6033fc7', 'Vinder');
insert into companies (id, name) values ('e44b440b-e84f-4215-a3ca-64dfeffec096', 'Meeveo');
insert into companies (id, name) values ('6bcfec9d-6dc2-4d2a-befd-dd3f0e8fc205', 'Fiveclub');
insert into companies (id, name) values ('f650f964-c52e-46cc-a499-ea90c6a44b72', 'Thoughtbridge');
insert into companies (id, name) values ('0c02d4c4-b7da-4a7b-a11a-ea1f726d472a', 'Skyndu');
insert into companies (id, name) values ('3e8000ba-79ba-4bf4-af66-24f05d6c3968', 'Tagtune');
insert into companies (id, name) values ('ffddbde1-c76f-4afb-bbc7-ddb04cba61b8', 'Zoomdog');
insert into companies (id, name) values ('fe7d229e-45ec-4f66-9ff7-1e6effaa16ff', 'Realcube');
insert into companies (id, name) values ('5cfa88c1-1263-457a-ab03-55f8e214eccd', 'Trupe');
insert into companies (id, name) values ('885ba6f0-0893-4aec-a63a-f3cd3ebad1da', 'Livefish');
insert into companies (id, name) values ('d68d1418-a0d2-4ba4-b5fe-a5ecd2644eae', 'Brainlounge');
insert into companies (id, name) values ('d8f60338-c644-4f8e-a2ae-c7e6c9527032', 'Twitterlist');
insert into companies (id, name) values ('8cd65cf9-bf47-4b51-be37-3c4cd72a7d4d', 'Wikido');
insert into companies (id, name) values ('db706c46-91c1-485f-a123-6d85c2ff8dda', 'Blognation');
insert into companies (id, name) values ('1c845a8a-e78b-449e-bee4-9ca15d1fba50', 'Skinte');
insert into companies (id, name) values ('8d475b56-37fc-44db-a4ad-c5dece66f5d6', 'Browsebug');
insert into companies (id, name) values ('0df57e50-b44e-4f1a-b76f-bdaea27de508', 'Shufflester');
insert into companies (id, name) values ('40dbdd5e-ffee-4a6c-bfae-ca1e3fabfd1e', 'Tekfly');
insert into companies (id, name) values ('db987c2f-647a-4e19-9a30-c987d0df41fb', 'Aivee');
insert into companies (id, name) values ('0efea893-a5ab-4e20-a7c0-717aaa9ea18e', 'Photolist');
insert into companies (id, name) values ('8e8216b9-7ac5-41a9-8f7f-4ed3b20fa56b', 'Vidoo');
insert into companies (id, name) values ('ce4e26a0-e04c-4ee4-8bd1-ecbfcecdbd88', 'Jatri');
insert into companies (id, name) values ('f39feb7a-148c-4d54-8c53-e14aab1bacbd', 'Thoughtbeat');
insert into companies (id, name) values ('d29228b9-fe6e-48ce-9a4e-ca88f9ad80d8', 'Livepath');
insert into companies (id, name) values ('f4f559f5-17f7-442c-baa6-8a7dc32a43ae', 'Centimia');
insert into companies (id, name) values ('d4a3bfe4-4b59-4d5f-9e28-a654737cbdef', 'Photojam');
insert into companies (id, name) values ('9635ddcc-2bc8-426a-99c1-4afbfab5dddc', 'Innotype');
insert into companies (id, name) values ('30a3540d-4c77-45d8-a01f-adcc409da689', 'Muxo');
insert into companies (id, name) values ('87eb30ad-8e18-48fb-aed5-9faf1a28587d', 'Feedbug');
insert into companies (id, name) values ('083862d6-8390-431f-84c7-e70da75d5049', 'Oyoloo');
insert into companies (id, name) values ('d2e2a8de-956b-4101-9c2f-f7a61a46ec0e', 'Kwilith');
insert into companies (id, name) values ('4d5baea2-7fce-41f7-998b-e3c40cde96a8', 'Zoovu');
insert into companies (id, name) values ('8cc0e032-e4e1-4f5b-bb79-fe038a02bb1e', 'Skimia');
insert into companies (id, name) values ('7b6c390b-bace-4cd0-8ba4-fdc45e8fdb51', 'Divavu');
insert into companies (id, name) values ('a4cd19ef-1edd-486c-9cad-acf3cded41df', 'Dabfeed');
insert into companies (id, name) values ('37f6c9c9-3715-4aa9-bff5-de3f9253cbdd', 'Gigabox');
insert into companies (id, name) values ('aedeadd3-7924-4f1d-82e3-adebefa7d2a5', 'Jabbersphere');
insert into companies (id, name) values ('e472a9c8-8395-4f89-9e8d-387dfad43781', 'Feedfire');
insert into companies (id, name) values ('490ddfc7-b47a-4aec-a61e-2d3864b3bfb7', 'Yata');
insert into companies (id, name) values ('d10edc0d-510c-4fbe-a9c1-acee0b96d8a4', 'Blogspan');
insert into companies (id, name) values ('25d1cf7f-da50-40f6-9e43-d6abc49d6da4', 'Oyonder');
insert into companies (id, name) values ('b1e4efe7-bbe6-4869-b7e7-259c8f9caf79', 'Ooba');
insert into companies (id, name) values ('c9c4a822-0b73-4db5-a41c-ae591e1cf384', 'Kwilith');
insert into companies (id, name) values ('e0a5802b-fdaf-4b6c-9fa0-febfb0ee5ed0', 'Fiveclub');
insert into companies (id, name) values ('46b904aa-4b16-4d98-bd09-fc2bec60bda8', 'Trilith');
insert into companies (id, name) values ('babb9bbb-c7a1-4652-8e9a-bd9d94bf026c', 'Twitternation');
insert into companies (id, name) values ('a4231fbb-8ce0-4073-8150-ff1af702e791', 'Podcat');
insert into companies (id, name) values ('edcf97cc-50ff-4005-9add-1d4b2feec5d0', 'Trilith');
insert into companies (id, name) values ('becaf30c-16a8-4adb-94b2-e92db4b61cad', 'Eayo');
insert into companies (id, name) values ('db10b2ed-00bf-4acf-9bc9-4036542d0fcc', 'Bubbletube');
insert into companies (id, name) values ('4f0b4f5b-af84-4fde-a57a-7bb6e25a0a7b', 'Oba');
insert into companies (id, name) values ('85ad90cf-d649-4cf0-b0a7-f5ff58ea1b8c', 'Skajo');
insert into companies (id, name) values ('de51f9ef-cead-4a54-99c8-cbfe5e28a63c', 'Demizz');
insert into companies (id, name) values ('a51bc7ad-6016-4cfd-98b1-ee186ffad319', 'Devshare');
insert into companies (id, name) values ('4ac63d5e-effa-4ef0-bfaa-cddb6574ce1b', 'LiveZ');
insert into companies (id, name) values ('dae0d5a5-286c-4c15-80ee-c6fe1134789e', 'Edgeblab');
insert into companies (id, name) values ('7bcbc487-5c65-45ef-923e-c9fedfebfea1', 'Linklinks');
insert into companies (id, name) values ('201e2dcb-fea6-42b6-b735-28aa8d0fffdd', 'Skyble');
insert into companies (id, name) values ('5780ac46-f090-4fca-94bc-d39d072ea2b6', 'Katz');
insert into companies (id, name) values ('d01e2dfe-33e7-4b7f-abd5-21256efccfde', 'Topicshots');
insert into companies (id, name) values ('e26cdf18-f209-4acd-b9d4-e0bc904f7715', 'Zoomdog');
insert into companies (id, name) values ('08ece7c4-5dd6-4cd7-b0fd-e5ed73ca78ec', 'Muxo');
insert into companies (id, name) values ('baf3b645-6720-4fc9-af35-d92fdbfda7a4', 'Livepath');
insert into companies (id, name) values ('b4f4d8ad-5cc0-42b2-bad4-f4ebd40c13bb', 'Kamba');
insert into companies (id, name) values ('b240c0e5-afee-45ed-bb29-4d490de6ef4b', 'Tanoodle');
insert into companies (id, name) values ('e4a87f6e-890c-485c-852e-11d44c0800bc', 'Trudoo');
insert into companies (id, name) values ('e3beb911-e7f8-49e9-85d7-1fc93f99fdef', 'Zoonder');
insert into companies (id, name) values ('ecd3e02e-97bf-41df-b853-46da3c85cc8e', 'Wordware');
insert into companies (id, name) values ('82cce4f3-34ec-407b-80c2-9fbf78ddeb71', 'Reallinks');
insert into companies (id, name) values ('4e159bc5-04d0-4917-8ab2-4fb034f76e48', 'Brainbox');
insert into companies (id, name) values ('cb58a1ac-058d-4f7d-ba27-22b564ab3dcd', 'Skyble');
insert into companies (id, name) values ('e4d6f00a-bd6f-4d07-971e-1b90c6927eda', 'Jaxworks');
insert into companies (id, name) values ('bbd99e02-dc8e-4faf-82ed-ca10ff39d8c7', 'Dablist');
insert into companies (id, name) values ('97a4cf8c-18b2-4def-8ad2-edd7391cb77f', 'Einti');
insert into companies (id, name) values ('ead8be5c-f1b3-494b-8ead-d82c3daa6d7b', 'Brainverse');
insert into companies (id, name) values ('eab724e8-a35b-4fbc-bec0-db0dacff689a', 'Jaxnation');
insert into companies (id, name) values ('bbf1f5ad-abf8-4da2-9db2-8cc7273c86ce', 'Jabberstorm');
insert into companies (id, name) values ('760c54ef-c9bc-49bf-90c9-3d34efd899aa', 'Jaloo');
insert into companies (id, name) values ('b5ccbe1e-c3be-42bc-b189-bc37e61a7592', 'Tagcat');
insert into companies (id, name) values ('0f21d16b-b4ee-4598-bd08-33fc41a9cb44', 'Snaptags');
insert into companies (id, name) values ('b683b3aa-afe6-4dcd-ab1d-50c974e37366', 'Zazio');
insert into companies (id, name) values ('df2beec0-fefa-4a60-aeb4-9da6b76fcda3', 'Zoomcast');
insert into companies (id, name) values ('07ddc686-fb8c-4194-8a6c-4b39844da49b', 'Voolia');
insert into companies (id, name) values ('e0ac6eaf-eb54-4d56-9698-d9e5dd1acadb', 'Agivu');
insert into companies (id, name) values ('ec5d1290-5e28-4b11-a1f5-744211cedcaf', 'Camimbo');
insert into companies (id, name) values ('f21c29b7-a49c-40cf-948e-c081ef6184fb', 'Omba');
insert into companies (id, name) values ('0164a10c-1763-4e4c-a1b4-fe34e5e9d686', 'Skibox');
insert into companies (id, name) values ('01aabcad-5b54-4a50-a8ec-e6b36584c19b', 'Topicblab');
insert into companies (id, name) values ('0f453aa2-7dd7-4a32-a863-5e97b26dfdad', 'Jayo');
insert into companies (id, name) values ('ddedd35d-fd8f-4c37-9155-b15bcbe0bdbd', 'Edgeblab');

insert into users (id, name) values ('45cbf2f9-3502-4d7f-823e-3532bfdb9290', 'zramplee0');
insert into users (id, name) values ('ff6c78d2-4aec-4b5c-94af-1e7070bc9c96', 'wdachey1');
insert into users (id, name) values ('e5bf240f-d5e5-4dee-ad06-b6abf3e0757e', 'lgabala2');
insert into users (id, name) values ('c8d9b500-c77c-4b23-bac1-7337ad91bf4c', 'nnevitt3');
insert into users (id, name) values ('45109dee-4ffa-47bc-9b5b-bf62f0b6925d', 'awevell4');
insert into users (id, name) values ('8df24b45-38ac-4db2-bdad-f99de0cad5bb', 'njery5');
insert into users (id, name) values ('0c9d8da8-4ff7-4c9b-9e1a-efeaaa828c00', 'cwhife6');
insert into users (id, name) values ('cf8dcfee-4e53-49ac-a09d-cba2d867e57a', 'apache7');
insert into users (id, name) values ('ced237e6-efd6-4ded-8763-f9ee3e7d3681', 'adufall8');
insert into users (id, name) values ('a7dedfdd-df09-4be0-88ac-efacf30d39fc', 'dgrebert9');
insert into users (id, name) values ('bcb72d7a-7728-4cbc-83bb-ad3acc7e0623', 'imilsona');
insert into users (id, name) values ('125dff95-b45c-4fee-bde6-bd9cd481391c', 'ldulanyb');
insert into users (id, name) values ('ad13b67e-d6e6-4875-a5d1-7bb9d23d9ffa', 'rcirlosc');
insert into users (id, name) values ('92ab1ab4-fb2e-4dba-bc4f-a811c8eb5c8f', 'bawind');
insert into users (id, name) values ('19f5a9aa-ddc6-4d68-9aec-8b4b0cbd492d', 'ibrosiuse');
insert into users (id, name) values ('facefacf-f066-42e5-b877-87fc9a68bc65', 'bmitchelyf');
insert into users (id, name) values ('6b85def4-d45d-4999-aaba-85b993b15dfb', 'eakittg');
insert into users (id, name) values ('eba1c1e8-3fa9-4d76-8e83-5b9fa25d67c7', 'gaviesonh');
insert into users (id, name) values ('e9d1c968-4de0-441e-83c0-d076bfdfdca2', 'kmiqueleti');
insert into users (id, name) values ('c77c2eb3-ce4d-449c-bf9f-83eb0a564f20', 'dlevenej');
insert into users (id, name) values ('9e87366c-c12a-4be6-bfd3-75ceeef048bb', 'civeansk');
insert into users (id, name) values ('e346c5e1-4ec7-4fe7-a5ef-b95024cd758d', 'rsymsl');
insert into users (id, name) values ('ded5a3f4-3829-4eeb-bcf7-309e8a4e58e0', 'umurleym');
insert into users (id, name) values ('c380cbd0-5498-414c-bf7e-aa3ba7ca105a', 'mbeachampn');
insert into users (id, name) values ('e0be8ef7-1aa8-4d1d-a601-85ef539b9682', 'glinayo');
insert into users (id, name) values ('eee0db92-089a-43ce-ab0f-0e2c4af2ccbd', 'cmacdwyerp');
insert into users (id, name) values ('78415d1e-ca5a-4609-9dda-b94b63af2fda', 'sjaggersq');
insert into users (id, name) values ('fdbbc1ea-f62d-47b8-9947-f492cc6f39b0', 'imariaudr');
insert into users (id, name) values ('9ee99dee-9f3d-4522-b755-cdfe9eba601f', 'brickeards');
insert into users (id, name) values ('acab818d-aeb5-4e92-baac-db9bcfb18cf8', 'pturfust');
insert into users (id, name) values ('5b2d2d36-d013-4fa6-aa3a-ed030692ae70', 'mhindricku');
insert into users (id, name) values ('d3ab31ff-cbc8-4f9f-aa81-a8ac8bbe34f3', 'wtyrrellv');
insert into users (id, name) values ('fc8d44ca-6bcb-4b50-95fb-d465bc68d5f0', 'cvaldew');
insert into users (id, name) values ('f300d9fa-5a3b-4cfe-8f69-c858ac6de5b0', 'kbrickseyx');
insert into users (id, name) values ('6a06accd-cd2b-42ef-86e2-895f7b0faaf1', 'cshellibeery');
insert into users (id, name) values ('ecd3b9f5-cebf-4aff-82a8-572daa55608c', 'kdumsdayz');
insert into users (id, name) values ('5dc8bd3f-ce19-4e3d-820b-fda0294d6e8e', 'hbengough10');
insert into users (id, name) values ('74bf26ba-4efd-4db7-bcd5-c7d8d2e4e594', 'tmainstone11');
insert into users (id, name) values ('0d9a77da-e71e-4db3-9d73-fabe05a1c7eb', 'ekimpton12');
insert into users (id, name) values ('fc0b1f74-2a32-4a34-bc52-f6cb9a058ba0', 'lmelbourn13');
insert into users (id, name) values ('dfd3aeea-3fe4-4a90-900d-3fb8d5cf4c89', 'flawlor14');
insert into users (id, name) values ('6b9ef4dd-148c-473d-8cff-b02de525cd2d', 'stoffts15');
insert into users (id, name) values ('c43711d9-0d93-47ff-b3cc-df34540d6e33', 'hmilthorpe16');
insert into users (id, name) values ('5cdbc2b4-3ae6-4ff9-bbbe-7b11cadc0c57', 'clowsely17');
insert into users (id, name) values ('0bd14c67-fa28-46ca-9283-0d8ff95d3b6f', 'rblincow18');
insert into users (id, name) values ('84a97cf5-c62f-4cef-8732-59e42714c7c2', 'bgammage19');
insert into users (id, name) values ('be82db76-2bb3-4f8a-914b-fd51f5b7990e', 'fgaffer1a');
insert into users (id, name) values ('566e347a-35cd-447d-98ae-0d1b46bf949a', 'tdeniso1b');
insert into users (id, name) values ('3b2dec07-45bb-4d26-bebd-da5f1b88ea3b', 'hurvoy1c');
insert into users (id, name) values ('1d9eca58-bca3-49be-86d8-402d7ebbab9d', 'nkeizman1d');
insert into users (id, name) values ('8825f194-fa5f-4bf3-bc3a-dcbaa30c9177', 'rbreckin1e');
insert into users (id, name) values ('9b410e5b-4e5d-479f-bcdd-6ceae338d5f0', 'rblaik1f');
insert into users (id, name) values ('74d58574-f1b8-4462-8bd8-403bc7aa3c1a', 'kmaulkin1g');
insert into users (id, name) values ('6e7ad65d-66ee-444b-8fa9-0e9abadabad1', 'lmerrydew1h');
insert into users (id, name) values ('ff8efcd2-c9bb-414b-888e-ee2db05cbb31', 'tmulgrew1i');
insert into users (id, name) values ('24bfbb1f-a07b-4e69-bd6e-b2fdbca0ab56', 'blandrieu1j');
insert into users (id, name) values ('e0b12b62-a3e9-43bc-9f1b-63f82f630346', 'elambregts1k');
insert into users (id, name) values ('e0bdfea0-acbc-4003-ba52-68fa6b9c6183', 'mkilmary1l');
insert into users (id, name) values ('234a4d9b-43df-4a66-9aa6-59f94dc889bf', 'dlefort1m');
insert into users (id, name) values ('ababd608-c8c5-42a6-83f4-ba7304546d97', 'dcrocumbe1n');
insert into users (id, name) values ('a6aba2ee-7aee-4dae-9d4a-ffeaeafc87cc', 'vemberton1o');
insert into users (id, name) values ('907fa79d-c377-48cc-9a3f-2d3a596f30bb', 'wsteventon1p');
insert into users (id, name) values ('bb2be94a-de7f-4c56-bad4-ec400b800d13', 'lstoney1q');
insert into users (id, name) values ('9499e541-a01f-47f1-a0f1-8ba2282fc51b', 'elivingstone1r');
insert into users (id, name) values ('bd5271a7-9794-4cc4-8a3e-d253fcb2c1dd', 'jhatchell1s');
insert into users (id, name) values ('d75eccff-ecc5-49ac-9847-6a5445b508f6', 'bspearman1t');
insert into users (id, name) values ('4a3b9ef4-300f-46a1-bf60-6c4ec8d4da8a', 'gdorken1u');
insert into users (id, name) values ('bf0336bd-135b-4d07-a01b-a34bc4efd7cb', 'jdyet1v');
insert into users (id, name) values ('66facd66-a19d-4b7a-86e0-dbef144bc9da', 'gtowers1w');
insert into users (id, name) values ('1a4f4c90-c4fa-488c-ab19-dcf1b393fa1d', 'dskrzynski1x');
insert into users (id, name) values ('5cfaa5ef-60ae-4cfe-bb94-5ee86d3dbbe5', 'tsiege1y');
insert into users (id, name) values ('66ffab9a-7605-4645-8eb3-55b3eebbfafa', 'abottle1z');
insert into users (id, name) values ('2ed57681-68c0-4cc1-bf7d-6cf8e4b736bd', 'mbumpas20');
insert into users (id, name) values ('a21ad17e-ecc3-4def-9f55-d8da7bb6d0ca', 'abranchflower21');
insert into users (id, name) values ('34cea0d0-7383-4d67-9307-e0af727342cf', 'agostyke22');
insert into users (id, name) values ('d3a11e6c-c35f-4705-9dfe-8eadba9f17b2', 'jabadam23');
insert into users (id, name) values ('7b2cfc4c-f83b-4d4b-b7c3-9bfb694a73c7', 'smcsaul24');
insert into users (id, name) values ('64a610b1-404d-47fd-bfcc-e79bcef4da8f', 'jgourlay25');
insert into users (id, name) values ('b7e0fdcb-a910-48dc-b9d8-bc4baa65e9bd', 'acasbon26');
insert into users (id, name) values ('17805e0c-f281-49fc-beef-c86acf454fed', 'tbrackpool27');
insert into users (id, name) values ('43ecedef-b6fe-47e7-a3d4-b208e996d11f', 'nbearham28');
insert into users (id, name) values ('889f9ce5-6bce-4cf6-9f0b-c8bc570a1881', 'mschreurs29');
insert into users (id, name) values ('11d4c3cb-1c1f-40d8-84cd-fae6ba9fb3e5', 'alippard2a');
insert into users (id, name) values ('455750e8-ea83-4ba2-b4d9-7c1ee65ae1cb', 'rstanistreet2b');
insert into users (id, name) values ('294a224f-a460-41c9-8af9-0a7dcf231eae', 'htreven2c');
insert into users (id, name) values ('a81b3eec-a8c0-433c-bf18-c8d7ccdd2f03', 'ftruggian2d');
insert into users (id, name) values ('adcedb3a-8ad1-4d0c-b736-c67de0bab87a', 'jwilde2e');
insert into users (id, name) values ('81aacb18-bde2-4503-b88f-6fa7a46ccf39', 'rskews2f');
insert into users (id, name) values ('7389aeca-5cc9-4d8d-8dbd-67261ec0cc71', 'abriggdale2g');
insert into users (id, name) values ('a9a3dd5c-83c8-4b6a-9ea0-fec78c06232f', 'cbielefeld2h');
insert into users (id, name) values ('a0c59966-86ec-4a7e-bda6-b8ab8ef8ee22', 'smarushak2i');
insert into users (id, name) values ('eee59d01-5a1d-48f4-b143-dc771174478e', 'brentilll2j');
insert into users (id, name) values ('da1c95e9-7796-464b-be5d-940cdbed42c7', 'kboyet2k');
insert into users (id, name) values ('0ac8d389-6c4b-482a-bcf8-ea7fb5ab9559', 'hnelsen2l');
insert into users (id, name) values ('8c51cf79-e79a-40d4-a18e-eb5774bf5e41', 'mlattos2m');
insert into users (id, name) values ('9fff39c2-c5e7-4bea-b303-a2d6d0dfe613', 'acrenshaw2n');
insert into users (id, name) values ('4e02a2a0-a7c1-4ea6-9c4a-fc9c57d0e17f', 'agisbourn2o');
insert into users (id, name) values ('b0c4670f-c2ec-4625-a5e9-bae18f62baad', 'cbarkly2p');
insert into users (id, name) values ('c19d1a50-bbec-4564-a5ec-f09ebe00055c', 'mrouzet2q');
insert into users (id, name) values ('36aaacf0-9ce4-4d26-a70e-e80fd9d7c84d', 'mdarracott2r');

insert into user_visits (user_id, company_id, visit_time) values ('4e02a2a0-a7c1-4ea6-9c4a-fc9c57d0e17f', 'e26cdf18-f209-4acd-b9d4-e0bc904f7715', '2024-09-28 00:53:23');
insert into user_visits (user_id, company_id, visit_time) values ('125dff95-b45c-4fee-bde6-bd9cd481391c', '8d475b56-37fc-44db-a4ad-c5dece66f5d6', '2024-10-02 18:22:51');
insert into user_visits (user_id, company_id, visit_time) values ('11d4c3cb-1c1f-40d8-84cd-fae6ba9fb3e5', 'dae0d5a5-286c-4c15-80ee-c6fe1134789e', '2024-10-04 06:07:28');
insert into user_visits (user_id, company_id, visit_time) values ('fdbbc1ea-f62d-47b8-9947-f492cc6f39b0', '87eb30ad-8e18-48fb-aed5-9faf1a28587d', '2024-09-30 22:01:06');
insert into user_visits (user_id, company_id, visit_time) values ('dfd3aeea-3fe4-4a90-900d-3fb8d5cf4c89', 'ce4e26a0-e04c-4ee4-8bd1-ecbfcecdbd88', '2024-10-04 00:18:48');
insert into user_visits (user_id, company_id, visit_time) values ('ff8efcd2-c9bb-414b-888e-ee2db05cbb31', '885ba6f0-0893-4aec-a63a-f3cd3ebad1da', '2024-09-27 08:24:49');
insert into user_visits (user_id, company_id, visit_time) values ('a21ad17e-ecc3-4def-9f55-d8da7bb6d0ca', 'd8f60338-c644-4f8e-a2ae-c7e6c9527032', '2024-09-29 21:41:23');
insert into user_visits (user_id, company_id, visit_time) values ('2ed57681-68c0-4cc1-bf7d-6cf8e4b736bd', 'd10edc0d-510c-4fbe-a9c1-acee0b96d8a4', '2024-09-29 08:58:20');
insert into user_visits (user_id, company_id, visit_time) values ('4e02a2a0-a7c1-4ea6-9c4a-fc9c57d0e17f', 'e44b440b-e84f-4215-a3ca-64dfeffec096', '2024-10-02 00:21:19');
insert into user_visits (user_id, company_id, visit_time) values ('d3ab31ff-cbc8-4f9f-aa81-a8ac8bbe34f3', 'df2beec0-fefa-4a60-aeb4-9da6b76fcda3', '2024-10-04 02:53:06');
insert into user_visits (user_id, company_id, visit_time) values ('a9a3dd5c-83c8-4b6a-9ea0-fec78c06232f', '490ddfc7-b47a-4aec-a61e-2d3864b3bfb7', '2024-09-28 00:45:42');
insert into user_visits (user_id, company_id, visit_time) values ('6e7ad65d-66ee-444b-8fa9-0e9abadabad1', '4e159bc5-04d0-4917-8ab2-4fb034f76e48', '2024-10-03 20:57:22');
insert into user_visits (user_id, company_id, visit_time) values ('1a4f4c90-c4fa-488c-ab19-dcf1b393fa1d', 'd68d1418-a0d2-4ba4-b5fe-a5ecd2644eae', '2024-10-04 21:24:59');
insert into user_visits (user_id, company_id, visit_time) values ('9fff39c2-c5e7-4bea-b303-a2d6d0dfe613', '0df57e50-b44e-4f1a-b76f-bdaea27de508', '2024-10-04 06:59:25');
insert into user_visits (user_id, company_id, visit_time) values ('9499e541-a01f-47f1-a0f1-8ba2282fc51b', 'a4231fbb-8ce0-4073-8150-ff1af702e791', '2024-09-25 18:06:58');
insert into user_visits (user_id, company_id, visit_time) values ('234a4d9b-43df-4a66-9aa6-59f94dc889bf', 'd01e2dfe-33e7-4b7f-abd5-21256efccfde', '2024-09-27 08:35:31');
insert into user_visits (user_id, company_id, visit_time) values ('92ab1ab4-fb2e-4dba-bc4f-a811c8eb5c8f', '0c02d4c4-b7da-4a7b-a11a-ea1f726d472a', '2024-09-25 20:29:34');
insert into user_visits (user_id, company_id, visit_time) values ('9e87366c-c12a-4be6-bfd3-75ceeef048bb', '97a4cf8c-18b2-4def-8ad2-edd7391cb77f', '2024-09-26 07:07:31');
insert into user_visits (user_id, company_id, visit_time) values ('5cfaa5ef-60ae-4cfe-bb94-5ee86d3dbbe5', 'b240c0e5-afee-45ed-bb29-4d490de6ef4b', '2024-10-01 04:41:37');
insert into user_visits (user_id, company_id, visit_time) values ('e9d1c968-4de0-441e-83c0-d076bfdfdca2', '0efea893-a5ab-4e20-a7c0-717aaa9ea18e', '2024-09-30 20:35:40');
insert into user_visits (user_id, company_id, visit_time) values ('34cea0d0-7383-4d67-9307-e0af727342cf', '85ad90cf-d649-4cf0-b0a7-f5ff58ea1b8c', '2024-10-02 08:54:47');
insert into user_visits (user_id, company_id, visit_time) values ('ff8efcd2-c9bb-414b-888e-ee2db05cbb31', 'b1e4efe7-bbe6-4869-b7e7-259c8f9caf79', '2024-09-27 21:04:32');
insert into user_visits (user_id, company_id, visit_time) values ('e0b12b62-a3e9-43bc-9f1b-63f82f630346', '8cd65cf9-bf47-4b51-be37-3c4cd72a7d4d', '2024-09-26 13:03:56');
insert into user_visits (user_id, company_id, visit_time) values ('34cea0d0-7383-4d67-9307-e0af727342cf', 'e0a5802b-fdaf-4b6c-9fa0-febfb0ee5ed0', '2024-09-25 19:25:24');
insert into user_visits (user_id, company_id, visit_time) values ('facefacf-f066-42e5-b877-87fc9a68bc65', '08ece7c4-5dd6-4cd7-b0fd-e5ed73ca78ec', '2024-10-03 15:11:28');
insert into user_visits (user_id, company_id, visit_time) values ('9e87366c-c12a-4be6-bfd3-75ceeef048bb', '760c54ef-c9bc-49bf-90c9-3d34efd899aa', '2024-10-01 19:42:23');
insert into user_visits (user_id, company_id, visit_time) values ('4e02a2a0-a7c1-4ea6-9c4a-fc9c57d0e17f', '87eb30ad-8e18-48fb-aed5-9faf1a28587d', '2024-09-27 17:41:08');
insert into user_visits (user_id, company_id, visit_time) values ('c8d9b500-c77c-4b23-bac1-7337ad91bf4c', 'db706c46-91c1-485f-a123-6d85c2ff8dda', '2024-10-02 03:42:43');
insert into user_visits (user_id, company_id, visit_time) values ('ded5a3f4-3829-4eeb-bcf7-309e8a4e58e0', 'cb0dd13e-5188-409f-bab7-f84eee6b5510', '2024-09-30 20:48:59');
insert into user_visits (user_id, company_id, visit_time) values ('889f9ce5-6bce-4cf6-9f0b-c8bc570a1881', '8cd65cf9-bf47-4b51-be37-3c4cd72a7d4d', '2024-10-02 13:53:47');
insert into user_visits (user_id, company_id, visit_time) values ('eee0db92-089a-43ce-ab0f-0e2c4af2ccbd', '8e8216b9-7ac5-41a9-8f7f-4ed3b20fa56b', '2024-09-24 03:33:36');
insert into user_visits (user_id, company_id, visit_time) values ('5dc8bd3f-ce19-4e3d-820b-fda0294d6e8e', '490ddfc7-b47a-4aec-a61e-2d3864b3bfb7', '2024-09-29 21:20:59');
insert into user_visits (user_id, company_id, visit_time) values ('a9a3dd5c-83c8-4b6a-9ea0-fec78c06232f', '01aabcad-5b54-4a50-a8ec-e6b36584c19b', '2024-09-25 19:53:32');
insert into user_visits (user_id, company_id, visit_time) values ('74d58574-f1b8-4462-8bd8-403bc7aa3c1a', '46b904aa-4b16-4d98-bd09-fc2bec60bda8', '2024-09-29 00:53:15');
insert into user_visits (user_id, company_id, visit_time) values ('b0c4670f-c2ec-4625-a5e9-bae18f62baad', 'afdbcd15-79de-4a39-b20d-0def32d844ee', '2024-09-27 03:22:40');
insert into user_visits (user_id, company_id, visit_time) values ('bf0336bd-135b-4d07-a01b-a34bc4efd7cb', 'b1e4efe7-bbe6-4869-b7e7-259c8f9caf79', '2024-09-25 19:18:44');
insert into user_visits (user_id, company_id, visit_time) values ('b0c4670f-c2ec-4625-a5e9-bae18f62baad', '0df57e50-b44e-4f1a-b76f-bdaea27de508', '2024-10-04 03:02:38');
insert into user_visits (user_id, company_id, visit_time) values ('74bf26ba-4efd-4db7-bcd5-c7d8d2e4e594', 'ecd3e02e-97bf-41df-b853-46da3c85cc8e', '2024-09-25 09:24:39');
insert into user_visits (user_id, company_id, visit_time) values ('a7dedfdd-df09-4be0-88ac-efacf30d39fc', 'f4f559f5-17f7-442c-baa6-8a7dc32a43ae', '2024-10-04 10:23:15');
insert into user_visits (user_id, company_id, visit_time) values ('9e87366c-c12a-4be6-bfd3-75ceeef048bb', '25d1cf7f-da50-40f6-9e43-d6abc49d6da4', '2024-09-27 16:46:14');
insert into user_visits (user_id, company_id, visit_time) values ('fdbbc1ea-f62d-47b8-9947-f492cc6f39b0', '6bcfec9d-6dc2-4d2a-befd-dd3f0e8fc205', '2024-10-02 05:35:57');
insert into user_visits (user_id, company_id, visit_time) values ('cf8dcfee-4e53-49ac-a09d-cba2d867e57a', 'd10edc0d-510c-4fbe-a9c1-acee0b96d8a4', '2024-10-03 19:36:21');
insert into user_visits (user_id, company_id, visit_time) values ('5b2d2d36-d013-4fa6-aa3a-ed030692ae70', '4ac63d5e-effa-4ef0-bfaa-cddb6574ce1b', '2024-09-30 01:22:35');
insert into user_visits (user_id, company_id, visit_time) values ('eba1c1e8-3fa9-4d76-8e83-5b9fa25d67c7', 'ead8be5c-f1b3-494b-8ead-d82c3daa6d7b', '2024-10-02 14:22:16');
insert into user_visits (user_id, company_id, visit_time) values ('5cdbc2b4-3ae6-4ff9-bbbe-7b11cadc0c57', 'bbd99e02-dc8e-4faf-82ed-ca10ff39d8c7', '2024-10-02 12:47:42');
insert into user_visits (user_id, company_id, visit_time) values ('be82db76-2bb3-4f8a-914b-fd51f5b7990e', '5780ac46-f090-4fca-94bc-d39d072ea2b6', '2024-10-01 22:13:49');
insert into user_visits (user_id, company_id, visit_time) values ('fc8d44ca-6bcb-4b50-95fb-d465bc68d5f0', 'ede67fc5-3dab-4786-9e06-e8f1b6033fc7', '2024-09-28 09:29:51');
insert into user_visits (user_id, company_id, visit_time) values ('ff6c78d2-4aec-4b5c-94af-1e7070bc9c96', 'fe7d229e-45ec-4f66-9ff7-1e6effaa16ff', '2024-09-29 14:38:00');
insert into user_visits (user_id, company_id, visit_time) values ('5b2d2d36-d013-4fa6-aa3a-ed030692ae70', 'e44b440b-e84f-4215-a3ca-64dfeffec096', '2024-09-27 19:41:19');
insert into user_visits (user_id, company_id, visit_time) values ('e0be8ef7-1aa8-4d1d-a601-85ef539b9682', 'db706c46-91c1-485f-a123-6d85c2ff8dda', '2024-09-24 23:59:53');
insert into user_visits (user_id, company_id, visit_time) values ('17805e0c-f281-49fc-beef-c86acf454fed', 'de9b2575-8bea-4bd3-a8fd-1ec20d90830f', '2024-09-28 17:37:40');
insert into user_visits (user_id, company_id, visit_time) values ('17805e0c-f281-49fc-beef-c86acf454fed', '0c02d4c4-b7da-4a7b-a11a-ea1f726d472a', '2024-09-28 14:11:48');
insert into user_visits (user_id, company_id, visit_time) values ('3b2dec07-45bb-4d26-bebd-da5f1b88ea3b', '01aabcad-5b54-4a50-a8ec-e6b36584c19b', '2024-09-27 04:42:52');
insert into user_visits (user_id, company_id, visit_time) values ('a6aba2ee-7aee-4dae-9d4a-ffeaeafc87cc', '4f0b4f5b-af84-4fde-a57a-7bb6e25a0a7b', '2024-10-01 21:30:38');
insert into user_visits (user_id, company_id, visit_time) values ('19f5a9aa-ddc6-4d68-9aec-8b4b0cbd492d', '083862d6-8390-431f-84c7-e70da75d5049', '2024-10-04 00:26:35');
insert into user_visits (user_id, company_id, visit_time) values ('6e7ad65d-66ee-444b-8fa9-0e9abadabad1', 'de9b2575-8bea-4bd3-a8fd-1ec20d90830f', '2024-10-02 11:02:46');
insert into user_visits (user_id, company_id, visit_time) values ('45cbf2f9-3502-4d7f-823e-3532bfdb9290', 'db706c46-91c1-485f-a123-6d85c2ff8dda', '2024-09-24 17:28:45');
insert into user_visits (user_id, company_id, visit_time) values ('9fff39c2-c5e7-4bea-b303-a2d6d0dfe613', '4d5baea2-7fce-41f7-998b-e3c40cde96a8', '2024-09-27 21:55:32');
insert into user_visits (user_id, company_id, visit_time) values ('fc0b1f74-2a32-4a34-bc52-f6cb9a058ba0', 'd8f60338-c644-4f8e-a2ae-c7e6c9527032', '2024-09-30 18:16:47');
insert into user_visits (user_id, company_id, visit_time) values ('9499e541-a01f-47f1-a0f1-8ba2282fc51b', 'b5ccbe1e-c3be-42bc-b189-bc37e61a7592', '2024-10-01 10:29:47');
insert into user_visits (user_id, company_id, visit_time) values ('66facd66-a19d-4b7a-86e0-dbef144bc9da', '4f0b4f5b-af84-4fde-a57a-7bb6e25a0a7b', '2024-10-03 19:16:14');
insert into user_visits (user_id, company_id, visit_time) values ('84a97cf5-c62f-4cef-8732-59e42714c7c2', 'a4cd19ef-1edd-486c-9cad-acf3cded41df', '2024-10-03 20:13:57');
insert into user_visits (user_id, company_id, visit_time) values ('ababd608-c8c5-42a6-83f4-ba7304546d97', '0f453aa2-7dd7-4a32-a863-5e97b26dfdad', '2024-09-27 20:59:42');
insert into user_visits (user_id, company_id, visit_time) values ('5dc8bd3f-ce19-4e3d-820b-fda0294d6e8e', 'f650f964-c52e-46cc-a499-ea90c6a44b72', '2024-09-25 17:33:02');
insert into user_visits (user_id, company_id, visit_time) values ('1d9eca58-bca3-49be-86d8-402d7ebbab9d', 'd01e2dfe-33e7-4b7f-abd5-21256efccfde', '2024-09-28 16:11:54');
insert into user_visits (user_id, company_id, visit_time) values ('b0c4670f-c2ec-4625-a5e9-bae18f62baad', '4f0b4f5b-af84-4fde-a57a-7bb6e25a0a7b', '2024-09-27 08:15:11');
insert into user_visits (user_id, company_id, visit_time) values ('e9d1c968-4de0-441e-83c0-d076bfdfdca2', '0f453aa2-7dd7-4a32-a863-5e97b26dfdad', '2024-10-03 22:32:23');
insert into user_visits (user_id, company_id, visit_time) values ('6b85def4-d45d-4999-aaba-85b993b15dfb', '2d323df4-d9de-46cb-91ac-c7a1015dd164', '2024-10-03 00:49:33');
insert into user_visits (user_id, company_id, visit_time) values ('45cbf2f9-3502-4d7f-823e-3532bfdb9290', 'd68d1418-a0d2-4ba4-b5fe-a5ecd2644eae', '2024-09-28 05:39:05');
insert into user_visits (user_id, company_id, visit_time) values ('e346c5e1-4ec7-4fe7-a5ef-b95024cd758d', 'babb9bbb-c7a1-4652-8e9a-bd9d94bf026c', '2024-09-29 19:45:29');
insert into user_visits (user_id, company_id, visit_time) values ('8df24b45-38ac-4db2-bdad-f99de0cad5bb', '46b904aa-4b16-4d98-bd09-fc2bec60bda8', '2024-09-26 22:08:28');
insert into user_visits (user_id, company_id, visit_time) values ('5dc8bd3f-ce19-4e3d-820b-fda0294d6e8e', '8e8216b9-7ac5-41a9-8f7f-4ed3b20fa56b', '2024-10-01 05:01:21');
insert into user_visits (user_id, company_id, visit_time) values ('6e7ad65d-66ee-444b-8fa9-0e9abadabad1', '82cce4f3-34ec-407b-80c2-9fbf78ddeb71', '2024-09-30 14:17:09');
insert into user_visits (user_id, company_id, visit_time) values ('45109dee-4ffa-47bc-9b5b-bf62f0b6925d', '40dbdd5e-ffee-4a6c-bfae-ca1e3fabfd1e', '2024-09-28 20:44:27');
insert into user_visits (user_id, company_id, visit_time) values ('92ab1ab4-fb2e-4dba-bc4f-a811c8eb5c8f', '08ece7c4-5dd6-4cd7-b0fd-e5ed73ca78ec', '2024-09-27 04:43:37');
insert into user_visits (user_id, company_id, visit_time) values ('5cdbc2b4-3ae6-4ff9-bbbe-7b11cadc0c57', 'f21c29b7-a49c-40cf-948e-c081ef6184fb', '2024-09-28 19:08:18');
insert into user_visits (user_id, company_id, visit_time) values ('78415d1e-ca5a-4609-9dda-b94b63af2fda', 'becaf30c-16a8-4adb-94b2-e92db4b61cad', '2024-10-02 17:42:02');
insert into user_visits (user_id, company_id, visit_time) values ('d3ab31ff-cbc8-4f9f-aa81-a8ac8bbe34f3', '85ad90cf-d649-4cf0-b0a7-f5ff58ea1b8c', '2024-10-03 22:12:28');
insert into user_visits (user_id, company_id, visit_time) values ('66facd66-a19d-4b7a-86e0-dbef144bc9da', '8d475b56-37fc-44db-a4ad-c5dece66f5d6', '2024-10-01 23:33:21');
insert into user_visits (user_id, company_id, visit_time) values ('d3a11e6c-c35f-4705-9dfe-8eadba9f17b2', 'baf3b645-6720-4fc9-af35-d92fdbfda7a4', '2024-09-27 21:56:24');
insert into user_visits (user_id, company_id, visit_time) values ('e0b12b62-a3e9-43bc-9f1b-63f82f630346', '37f6c9c9-3715-4aa9-bff5-de3f9253cbdd', '2024-09-24 02:43:34');
insert into user_visits (user_id, company_id, visit_time) values ('1d9eca58-bca3-49be-86d8-402d7ebbab9d', 'e26cdf18-f209-4acd-b9d4-e0bc904f7715', '2024-09-26 02:15:50');
insert into user_visits (user_id, company_id, visit_time) values ('6a06accd-cd2b-42ef-86e2-895f7b0faaf1', 'd4a3bfe4-4b59-4d5f-9e28-a654737cbdef', '2024-09-30 19:37:33');
insert into user_visits (user_id, company_id, visit_time) values ('5cfaa5ef-60ae-4cfe-bb94-5ee86d3dbbe5', 'eda83bfe-6089-47e7-9b41-22abf4ae04cc', '2024-10-04 15:43:58');
insert into user_visits (user_id, company_id, visit_time) values ('cf8dcfee-4e53-49ac-a09d-cba2d867e57a', '885ba6f0-0893-4aec-a63a-f3cd3ebad1da', '2024-09-28 19:34:22');
insert into user_visits (user_id, company_id, visit_time) values ('bd5271a7-9794-4cc4-8a3e-d253fcb2c1dd', 'e0ac6eaf-eb54-4d56-9698-d9e5dd1acadb', '2024-09-25 07:18:00');
insert into user_visits (user_id, company_id, visit_time) values ('9fff39c2-c5e7-4bea-b303-a2d6d0dfe613', '07ddc686-fb8c-4194-8a6c-4b39844da49b', '2024-09-27 09:01:36');
insert into user_visits (user_id, company_id, visit_time) values ('2ed57681-68c0-4cc1-bf7d-6cf8e4b736bd', 'de51f9ef-cead-4a54-99c8-cbfe5e28a63c', '2024-10-04 16:24:57');
insert into user_visits (user_id, company_id, visit_time) values ('6e7ad65d-66ee-444b-8fa9-0e9abadabad1', 'aedeadd3-7924-4f1d-82e3-adebefa7d2a5', '2024-10-02 13:00:29');
insert into user_visits (user_id, company_id, visit_time) values ('17805e0c-f281-49fc-beef-c86acf454fed', 'f650f964-c52e-46cc-a499-ea90c6a44b72', '2024-09-26 12:42:02');
insert into user_visits (user_id, company_id, visit_time) values ('17805e0c-f281-49fc-beef-c86acf454fed', 'a30e36f8-ad9e-4f13-85f2-75324bc09f4f', '2024-09-30 17:17:29');
insert into user_visits (user_id, company_id, visit_time) values ('eba1c1e8-3fa9-4d76-8e83-5b9fa25d67c7', '97a4cf8c-18b2-4def-8ad2-edd7391cb77f', '2024-09-27 14:28:14');
insert into user_visits (user_id, company_id, visit_time) values ('fdbbc1ea-f62d-47b8-9947-f492cc6f39b0', '7b6c390b-bace-4cd0-8ba4-fdc45e8fdb51', '2024-09-29 14:24:34');
insert into user_visits (user_id, company_id, visit_time) values ('17805e0c-f281-49fc-beef-c86acf454fed', 'f4f559f5-17f7-442c-baa6-8a7dc32a43ae', '2024-09-27 01:19:17');
insert into user_visits (user_id, company_id, visit_time) values ('6e7ad65d-66ee-444b-8fa9-0e9abadabad1', 'd4a3bfe4-4b59-4d5f-9e28-a654737cbdef', '2024-09-29 14:36:04');
insert into user_visits (user_id, company_id, visit_time) values ('4e02a2a0-a7c1-4ea6-9c4a-fc9c57d0e17f', '82cce4f3-34ec-407b-80c2-9fbf78ddeb71', '2024-10-03 10:52:06');
insert into user_visits (user_id, company_id, visit_time) values ('0c9d8da8-4ff7-4c9b-9e1a-efeaaa828c00', '7b6c390b-bace-4cd0-8ba4-fdc45e8fdb51', '2024-09-30 21:31:06');
insert into user_visits (user_id, company_id, visit_time) values ('889f9ce5-6bce-4cf6-9f0b-c8bc570a1881', 'd4a3bfe4-4b59-4d5f-9e28-a654737cbdef', '2024-09-28 07:23:57');
insert into user_visits (user_id, company_id, visit_time) values ('c19d1a50-bbec-4564-a5ec-f09ebe00055c', '2a06e822-bc2f-4db1-87cd-e69dec6a3bd9', '2024-09-26 20:21:40');